"Chori_Chori","Work","Film"
"Vector_Prime","Book","WrittenWork","Work"
"High_King_of_Ireland"
"Middlesex_University","Organisation","EducationalInstitution","University","Agent"
"List_of_DuckTales_characters"
"Ahmad_Alamolhoda","Person","Agent"
"Queens_Tribune","Newspaper","PeriodicalLiterature","Work","WrittenWork"
"Concordia_Lutheran_Seminary","Organisation","EducationalInstitution","University","Agent"
"Li_Changchun","Person","OfficeHolder","Agent"
"St._George_Shoots_the_Dragon","Work","Agent","Person","MilitaryPerson","Film"
"Mulan"
"Lilies_of_the_Field"
"Chori_Chori_Chupke_Chupke__Chori_Chori_Chupke_Chupke__1","Album","MusicalWork","Work"
"Carry_On,_Mr._Bowditch","Book","WrittenWork","Work"
"V._Shantaram__1","PersonFunction"
"The_Springfield_Connection","TelevisionEpisode","Work"
"Democratic_Republic_of_the_Congo","Artist","Country","Agent","Person","Place","Location","MusicalArtist","PopulatedPlace"
"Death_of_a_Salesman_(1951_film)","Work","Film"
"Spotted_Redshank"
"Giant_Mine_(film)","Work","TelevisionShow","Film"
"Surfbird","Eukaryote","Species","Animal","Bird"
"Lodi_(Veer-Zaara_song)"
"B._N._Sircar__1"
"Daniel_Boone","Person","Agent"
"The_Washington_Times","Newspaper","PeriodicalLiterature","Work","WrittenWork"
"Agoraphobia","Disease"
"Ylesia_(novel)"
"Henry_Dale"
"Jumanji_(TV_series)","Person","Work","TelevisionShow","Agent"
"The_Twenty-One_Balloons","Book","WrittenWork","Work"
"Monsters,_Inc.","Work","Film"
"Leopold_II_of_Belgium","Person","Royalty","Agent"
"Batman_Returns","Work","Film"
"Villa_Park","SportFacility","Venue","ArchitecturalStructure","Place","Location","Stadium"
"Albert_II,_Prince_of_Monaco","Person","Royalty","Agent"
"Bichhoo","Work","Film"
"Eurasian_Woodcock"
"Dumbo","Person","Work","Film","Agent"
"Louis_St._Laurent","Person","Politician","Agent","PrimeMinister"
"Enemy_Lines:_Rebel_Dream","Book","WrittenWork","Work"
"South_Park_(season_9)","Work","TelevisionSeason"
"Dilip_Kumar","Person","Agent"
"Noah's_Ark","Ship","MeanOfTransportation"
"About_Schmidt","Work","Film"
"Marbled_Godwit"
"Doctor_Zhivago_(film)","Work","Film"
"The_Prince_of_Tides","Work","Film"
"Yankee_Trader"
"Abies_nordmanniana","Plant","Eukaryote","Species","Conifer"
"Mesozoic"
"Summer_of_the_Swans","Book","WrittenWork","Work"
"Mars_Attacks!","Work","Film"
"World_War_II","MilitaryConflict","Agent","Person","MilitaryPerson","SocietalEvent","Event"
"The_Hunchback_of_Notre_Dame_(1996_film)","Person","Work","Film","Agent"
"Asha_Bhosle","Person","MusicalArtist","Agent","Artist"
"The_Reluctant_Dragon_(film)","Person","Work","Film","Agent"
"Where_the_Wild_Things_Are_(film)","Work","Film"
"Number_the_Stars","Book","WrittenWork","Work"
"The_Journal_of_Commerce","PeriodicalLiterature","Magazine","Work","WrittenWork"
"Forrest_Gump","Work","Film"
"Common_Greenshank"
"Durovernum_Cantiacorum","PopulatedPlace","Settlement","Place"
"Cinderella,_or_the_Little_Glass_Slipper","Book","WrittenWork","Work"
"The_Living_Daylights","Work","Film"
"El_Diario_La_Prensa","Newspaper","PeriodicalLiterature","Work","WrittenWork"
"Western_Sandpiper"
"Cheltenham","Town","PopulatedPlace","Settlement","Place","Location"
"Alan_Lloyd_Hodgkin","Person","Scientist","Agent"
"Bow_Valley_College","Organisation","EducationalInstitution","University","Agent"
"Octopussy_and_The_Living_Daylights","Book","WrittenWork","Work"
"Short_story","MusicalWork","Work"
"Leader_Herald"
"Vector_Prime_(Transformers)","Person","FictionalCharacter","Agent"
"Niels_Bohr_Institute","University","EducationalInstitution","Organisation","Agent"
"Stilt_Sandpiper"
"Nine_Days_to_Christmas","Book","WrittenWork","Work"
"All_Souls"
"Sarah,_Plain_and_Tall","Book","WrittenWork","Work"
"Leopold_II,_Holy_Roman_Emperor","Person","Royalty","Agent"
"List_of_Oriel_College_people"
"University_of_Ontario_Institute_of_Technology","Organisation","EducationalInstitution","University","Agent"
"Lisa_vs._Malibu_Stacy","TelevisionEpisode","Work"
"Heath_Ledger","Person","Agent"
"Casino_Royale_(2006_film)","Work","Film"
"Phil_Collins","Person","MusicalArtist","Agent","Artist"
"Lakeland_College_(Alberta)","Organisation","EducationalInstitution","University","Agent"
"State_University_of_New_York","Organisation","EducationalInstitution","University","Agent"
"Red-necked_Stint"
"Mystic_River","Stream","BodyOfWater","NaturalPlace","Location","Place","River"
"Jimmy_Smits","Person","Agent"
"Emissary_of_the_Void","Book","WrittenWork","Work"
"Smallwood_State_Park","ProtectedArea","Place","Location"
"Homer_vs._Patty_and_Selma","TelevisionEpisode","Work"
"Allison_Janney__1","PersonFunction"
"Sidney_Sussex_College,_Cambridge","Organisation","EducationalInstitution","College","University","Agent"
"Chevrolet_Corvette","Automobile","MeanOfTransportation"
"The_Lion_in_Winter","Play","Work","WrittenWork"
"Selwyn_College,_Otago","University","EducationalInstitution","Organisation","Agent"
"CDI_College","Organisation","EducationalInstitution","University","Agent"
"Elk_Neck_State_Park","ProtectedArea","Place","Location"
"Race_and_ethnicity_in_the_United_States_Census","Disease"
"Interstate_196","Infrastructure","ArchitecturalStructure","Place","Location","Road","RouteOfTransportation"
"List_of_Wardens_of_Merton_College,_Oxford"
"William_Lyon_Mackenzie_King","Person","OfficeHolder","Agent"
"Destiny's_Child","Band","Organisation","Group","Agent"
"Moluccan_Woodcock"
"Torrecillas_de_la_Tiesa","PopulatedPlace","Settlement","Place","Location"
"Dicey_Business","Work","TelevisionShow"
"New_York_Press","WrittenWork","Organisation","Work","Agent","PeriodicalLiterature","Newspaper"
"CSI:_Crime_Scene_Investigation_(season_3)","Work","TelevisionSeason"
"Homer_the_Vigilante","TelevisionEpisode","Work"
"Citizenship","Agent"
"Sydney_Chapman_(mathematician)","Person","Scientist","Agent"
"Frog_Went_A-Courtin'_(book)","Book","WrittenWork","Work"
"Coming_Home_(1978_film)","Work","Film"
"Wildfire","Organisation","Agent"
"Spirited_Away","Work","Film"
"Queen_Victoria","Person","Royalty","Agent"
"Bridge_to_Terabithia_(2007_film)","Work","Film"
"Southern_African_Development_Community_intervention_in_Lesotho","MilitaryConflict","Event","SocietalEvent"
"On_Golden_Pond_(1981_film)","Work","Film"
"Homer_the_Great","TelevisionEpisode","Work"
"Ananda_Mahidol","Person","Royalty","Agent"
"Dumbo,_Brooklyn","PopulatedPlace","Settlement","Place","Location"
"University","University","EducationalInstitution","Organisation","Agent"
"Reversal_of_Fortune_(2005_film)","Work","TelevisionShow","Film"
"Philadelphia_Orchestra","Band","Organisation","Group","Agent"
"James_Meade","Person","Economist","Agent"
"Mirette_on_the_High_Wire","Book","WrittenWork","Work"
"Call_It_Courage","Book","WrittenWork","Work"
"Mainland_China"
"Li_Xiannian","Person","OfficeHolder","Agent"
"American_Woodcock"
"Jia_Qinglin","Person","OfficeHolder","Agent"
"Toy_Story","Work","Film"
"Buildings_of_Nuffield_College,_Oxford"
"Hu_Jintao","Person","OfficeHolder","Agent"
"Green_Templeton_College,_Oxford","Organisation","EducationalInstitution","College","University","Agent"
"Bradley_Whitford","Person","Work","Film","Agent"
"Jimmy_Carter","Person","OfficeHolder","Agent"
"Victory_Through_Air_Power_(film)","Work","Film"
"Itch","Disease"
"Screw"
"Adam_of_the_Road","Book","WrittenWork","Work"
"Camlaren_Mine"
"Pine_Point_Mine"
"Once_a_Mouse","Book","WrittenWork","Work"
"Vajiravudh","Person","Royalty","Agent"
"Brasenose_College,_Oxford","Organisation","EducationalInstitution","College","University","Agent"
"Exeter_College"
"Archibald_Hill","Person","Scientist","Agent"
"Supersessionism","Company","Organisation","Agent"
"York_University","Organisation","EducationalInstitution","University","Agent"
"The_Wall_Street_Journal","Newspaper","PeriodicalLiterature","Work","WrittenWork"
"Chori_Chori_Chupke_Chupke","Work","Film"
"Pinocchio_(1940_film)","Person","Work","Film","Agent"
"South_American_Snipe"
"Training_Day","Work","Film"
"Black_Turnstone"
"Assassination_of_John_F._Kennedy"
"Venta_Silurum","PopulatedPlace","Settlement","Place"
"The_Matchlock_Gun","Book","WrittenWork","Work"
"Indigenous_inhabitants_(Hong_Kong)"
"Dr._Bhupen_Hazarika"
"Baldev_Raj_Chopra","Person","Agent"
"Cold_War_Kids","Band","Organisation","Group","Agent"
"The_Prince_of_Tides_(novel)","Book","WrittenWork","Work"
"Red_Phalarope"
"The_Boy_Who_Knew_Too_Much_(album)","Album","MusicalWork","Work"
"My_Neighbor_Totoro","Work","Film"
"Alberta_Bible_College","Organisation","EducationalInstitution","University","Agent"
"A_Wrinkle_in_Time_(film)","Work","TelevisionShow","Film"
"Peter_Pan_(1953_film)","Person","Work","Film","Agent"
"The_French_Connection_(film)","Work","Film"
"Madagascar_Snipe"
"Oliver_Typewriter_Company","Company","Organisation","Agent"
"Mona_Lisa","Person","Work","Agent","Artwork"
"Oliver_Ditson","Person","Agent"
"The_Fox_and_the_Hound_(novel)","Book","WrittenWork","Work"
"Whipping_Boy_(Irish_band)","Band","Organisation","Group","Agent"
"List_of_Honorary_Fellows_of_Keble_College,_Oxford","University","EducationalInstitution","Organisation","Agent"
"Bunty_Aur_Babli","Work","Film"
"Buddha_Yodfa_Chulaloke"
"Sebastian_Cabot_(explorer)","Person","Agent"
"European_Commission","Organisation","Agent"
"The_Sun_(New_York)","Newspaper","PeriodicalLiterature","Work","WrittenWork"
"Kabhi_Alvida_Naa_Kehna","Work","Film"
"Ashok_Kumar_(British_politician)","Person","MemberOfParliament","Politician","Agent"
"Lincoln:_A_Photobiography","Book","WrittenWork","Work"
"The_Final_Prophecy","Book","WrittenWork","Work"
"Balliol_College"
"The_Three_Caballeros","Person","Work","Film","Agent"
"The_Stockard_Channing_Show","Work","TelevisionShow"
"Central_European_Free_Trade_Agreement","Organisation","Agent"
"The_Financial_Times"
"Hastings","Town","PopulatedPlace","Settlement","Place","Location"
"The_Little_Mermaid_(1989_film)","Person","Work","Film","Agent"
"Yash_Chopra","Person","Agent"
"Emmanuel_College,_Cambridge","Organisation","EducationalInstitution","College","University","Agent"
"Sir_Walter_Gilbert,_1st_Baronet","Person","MilitaryPerson","Agent"
"Bhupen_Hazarika","Person","Agent"
"Born_on_the_Fourth_of_July","Book","WrittenWork","Work"
"The_Black_Cauldron_(film)","Person","Work","Film","Agent"
"Montreal_Screwjob","MilitaryConflict","Event","SocietalEvent"
"The_News-Sentinel","Newspaper","PeriodicalLiterature","Work","WrittenWork"
"The_Jewish_Press","Newspaper","PeriodicalLiterature","Work","WrittenWork"
"Andean_Community_of_Nations__2"
"Contiguous_United_States"
"The_Cat_Who_Went_to_Paris","Book","WrittenWork","Work"
"Terek_Sandpiper"
"Rajkumar_Santoshi","Person","Agent"
"Wilfrid_Laurier","Person","OfficeHolder","Agent"
"James_Mirrlees","Person","Economist","Agent"
"TaleSpin","Work","TelevisionShow"
"Churchill_College_Boat_Club","Organisation","SportsTeam","Agent","SoccerClub"
"Carmine_Galante","Person","Agent"
"List_of_awards_and_nominations_received_by_Raj_Kapoor"
"Baudouin_of_Belgium","Person","Royalty","Agent"
"Subantarctic_Snipe"
"Zeng_Qinghong","Person","OfficeHolder","Agent"
"Luc_Letellier_de_St-Just","Person","OfficeHolder","Agent"
"Johnny_Tremain_(film)","Work","Film"
"The_Voice_(U.S.)"
"The_Lion_King","Person","Work","Film","Agent"
"List_of_assets_owned_by_Village_Voice_Media","Company","Organisation","Agent"
"Jaguar_XK","Automobile","MeanOfTransportation","Work","TelevisionShow"
"English_people","PopulatedPlace","Place","EthnicGroup"
"Enemy_Lines:_Rebel_Stand","Book","WrittenWork","Work"
"Whipping_boy","Person","Agent"
"Trina","Person","MusicalArtist","Agent","Artist"
"Douglas-fir"
"Two_Dozen_and_One_Greyhounds","TelevisionEpisode","Work"
"WWE_Heat","Work","TelevisionShow"
"Roll_of_Thunder_Hear_My_Cry"
"Ruddy_Turnstone"
"Raj_Kapoor","Person","Agent"
"Mongkut","Person","Royalty","Agent"
"From_the_Mixed-Up_Files_of_Mrs._Basil_E._Frankweiler_(1973_film)","Work","Film"
"Point_Lookout_State_Park","ProtectedArea","Place","Location"
"Eleanor_Roosevelt","Person","OfficeHolder","Agent"
"Alan_Alda","Person","Agent"
"Kauno_diena","Newspaper","PeriodicalLiterature","Work","WrittenWork"
"Ryerson_University","Organisation","EducationalInstitution","University","Agent"
"Hughes_Hall,_Cambridge","Organisation","EducationalInstitution","College","University","Agent"
"Mercury_Villager","Automobile","MeanOfTransportation"
"David_Mamet","Person","Writer","Agent"
"Grant_MacEwan_University"
"St_Edmund_Hall,_Oxford","Organisation","EducationalInstitution","College","University","Agent"
"Lisa_Kelly_(trucker)","Person","Agent"
"Crain_Communications","Company","Organisation","Agent"
"Treehouse_of_Horror_V","TelevisionEpisode","Work"
"The_Song_and_Dance_Man","Work","Film"
"Herbert_Hoover","Person","OfficeHolder","Agent"
"Copa_Mercosur","SportsEvent","Tournament","SoccerTournament","Event","SocietalEvent"
"John_Thomas_Haig","Person","Agent"
"Olean_Times_Herald","Newspaper","PeriodicalLiterature","Work","WrittenWork"
"Colomac_Mine"
"Chevalier_Sivaji_Ganesan_Award_for_Excellence_in_Indian_Cinema"
"Edge_of_Victory:_Conquest","Book","WrittenWork","Work"
"Chalte_Chalte_(2003_film)","Work","Film"
"St_Cross_College,_Oxford","Organisation","EducationalInstitution","College","University","Agent"
"Woodstock_Times","Newspaper","PeriodicalLiterature","Work","WrittenWork"
"Lucy_Cavendish_College,_Cambridge","Organisation","EducationalInstitution","College","University","Agent"
"Nordic_countries","Country","Settlement","Place","Location","PopulatedPlace"
"Fancy_(singer)","Person","MusicalArtist","Agent","Artist"
"And_Maggie_Makes_Three","TelevisionEpisode","Work"
"Greenbelt_News_Review","Newspaper","PeriodicalLiterature","Work","WrittenWork"
"Bituminous_coal"
"Serpico","Work","Film"
"Linacre_College,_Oxford","Organisation","EducationalInstitution","College","University","Agent"
"Rosetta_Stone","Person","Agent"
"University_of_Ontario_Institute_of_Technology_Ridgebacks","Organisation","SportsTeam","Agent"
"Diavik_Diamond_Mine","Device","Weapon"
"University_of_Ottawa","Organisation","EducationalInstitution","University","Agent"
"Martyr"
"Deep_Space_Homer","TelevisionEpisode","Work"
"Poughkeepsie_Journal_Building","ArchitecturalStructure","Building","Place","Location"
"Dear_Mr._Henshaw","Book","WrittenWork","Work"
"Long-toed_Stint"
"Herrington_Manor_State_Park","ProtectedArea","Place","Location"
"A_Wrinkle_in_Time","Book","WrittenWork","Work"
"Hello_Brother_(1999_film)","Work","Film"
"The_Bridge_on_the_River_Kwai","Work","Film"
"The_Witch_of_Blackbird_Pond","Book","WrittenWork","Work"
"Roller_skates","TopicalConcept","Fashion"
"Daily_Messenger","Newspaper","PeriodicalLiterature","Work","WrittenWork"
"University_of_Windsor","Organisation","EducationalInstitution","University","Agent"
"Francis_Ford_Coppola","Person","Agent"
"Sebastian_Cabot_(actor)","Person","Work","Film","Agent"
"Tribune_Company"
"Aquaman","ComicsCharacter","Person","FictionalCharacter","Agent"
"Blues_Explosion"
"Separate_Tables_(film)","Work","Film"
"The_Rooster_Crows","Book","WrittenWork","Work"
"Alan_Alda__1","PersonFunction"
"Rabbit_Hill_Snow_Resort","ArchitecturalStructure","SportFacility","SkiArea","Place","Location"
"Carleton_College","Organisation","EducationalInstitution","University","Agent"
"Gran_Fiesta_Tour_Starring_The_Three_Caballeros","ArchitecturalStructure","AmusementParkAttraction","Place","Location"
"Island_of_the_Blue_Dolphins","Book","WrittenWork","Work"
"Sentinel"
"Rosebud_School_of_the_Arts"
"Saludos_Amigos","Work","Film"
"Monsters,_Inc._Laugh_Floor","ArchitecturalStructure","AmusementParkAttraction","Place","Location"
"Chikara_High_Noon","SportsEvent","WrestlingEvent","Event","SocietalEvent"
"Mysore_Dasara"
"Force_Heretic:_Remnant","Book","WrittenWork","Work"
"Aristocats"
"Keble_College,_Oxford","Organisation","EducationalInstitution","College","University","Agent"
"North_American_Free_Trade_Agreement","Organisation","Agent"
"Syracuse_New_Times","Newspaper","PeriodicalLiterature","Work","WrittenWork"
"...And_Now_Miguel","Book","WrittenWork","Work"
"Rodgers_and_Hammerstein"
"Saint_George_and_the_Dragon","Agent"
"Robin_Hood","Person","Agent"
"Raja_Ki_Aayegi_Baraat_(TV_series)","Work","TelevisionShow"
"Mary_(mother_of_Jesus)","Person","Agent"
"Bambi","Person","Work","Film","Agent"
"Selwyn_College,_Cambridge","Organisation","EducationalInstitution","College","University","Agent"
"Winnie-the-Pooh","Eukaryote","Agent","Person","FictionalCharacter","Animal","Mammal","Species"
"The_Virgin_Suicides_(film)","Work","Film"
"Tropical_cyclone"
"The_Hunchback_of_Notre-Dame","Book","WrittenWork","Work"
"Har_Dil_Jo_Pyar_Karega","Work","Film"
"Coenraad_Jacob_Temminck","Person","Scientist","Agent"
"Eleanor_(automobile)","Automobile","MeanOfTransportation"
"Oncoba_spinosa","Plant","Eukaryote","Species"
"Stockard_Channing","Person","Agent"
"Lady_Margaret_Hall,_Oxford","Organisation","EducationalInstitution","College","University","Agent"
"Economic_Community_of_West_African_States","Band","Organisation","Group","Agent"
"African_Union","Country","Organisation","Agent","Place","Location","PopulatedPlace"
"Lady_and_the_Tramp","Person","Work","Film","Agent"
"Saint_George","Person","Cleric","Saint","Agent"
"Toronto_Star","Newspaper","PeriodicalLiterature","Work","WrittenWork"
"Miss_Hickory","Book","WrittenWork","Work"
"Battle_of_Shiloh","MilitaryConflict","Event","SocietalEvent"
"The_Dark_Frigate","Book","WrittenWork","Work"
"Where_the_Wild_Things_Are","Book","WrittenWork","Work"
"Gay_Neck,_the_Story_of_a_Pigeon","Book","WrittenWork","Work"
"Janes_Island_State_Park","ProtectedArea","Place","Location"
"Paul_Simon_(politician)","Person","Politician","Agent","Congressman"
"Saint_Anne","Person","Cleric","Saint","Agent"
"Algemeiner_Journal","Newspaper","PeriodicalLiterature","Work","WrittenWork"
"Frog_Went_A-Courting","MusicalWork","Work","Single","Song"
"James_Horace_King","Person","Agent"
"Black-tailed_Godwit"
"Har_Dil_Jo_Pyar_Karega__Har_Dil_Jo_Pyar_Karega__1","Album","MusicalWork","Work"
"James_Alexander_Lougheed","Person","OfficeHolder","Agent"
"Ottawa_University","Organisation","EducationalInstitution","University","Agent"
"DuckTales","Person","Work","TelevisionShow","Agent"
"Sati_Sulochana","Work","Film"
"The_Adventures_of_Ichabod_and_Mr._Toad","Work","Film"
"Erin_Brockovich_(film)","Work","Film"
"Keyano_College","Organisation","EducationalInstitution","University","Agent"
"Aviator"
"Invincible_Louisa","Book","WrittenWork","Work"
"National_Lottery_(United_Kingdom)","Organisation","Agent"
"Boy-Scoutz_'n_the_Hood","TelevisionEpisode","Work"
"The_Wheel_on_the_School","Book","WrittenWork","Work"
"Animals_in_the_Bible"
"J._J._Thomson","Person","Scientist","Agent"
"Woodrow_Wilson","Person","OfficeHolder","Agent"
"Being_Human_(TV_series)"
"Gonville_and_Caius_College,_Cambridge","Organisation","EducationalInstitution","College","University","Agent"
"The_Hero_and_the_Crown","Book","WrittenWork","Work"
"Hertford_College,_Oxford","Organisation","EducationalInstitution","College","University","Agent"
"Separate_Tables"
"The_View_from_Saturday","Book","WrittenWork","Work"
"Bridge_to_Terabithia_(novel)","Book","WrittenWork","Work"
"Charles-Augustin_de_Coulomb","Person","Scientist","Agent"
"Danish_language","Language"
"Lester_B._Pearson","Person","Politician","Agent","PrimeMinister"
"Negus_Mine","Person","Agent"
"Apollo_11","ArtificialSatellite","Satellite","CelestialBody","Place","Location"
"Tomorrow_Never_Dies","Work","Film"
"Sideshow_Bob_Roberts","TelevisionEpisode","Work"
"Lakota_people","EthnicGroup"
"St_Catharine's_College,_Cambridge","Organisation","EducationalInstitution","College","University","Agent"
"Grampa_vs._Sexual_Inadequacy","TelevisionEpisode","Work"
"John_Kendrew","Person","Scientist","Agent"
"Miley_Cyrus","Person","MusicalArtist","Agent","Artist"
"List_of_Toy_Story_characters"
"T_L_V_Prasad"
"Isle_of_Man","Country","Place","Location","PopulatedPlace"
"Easter_egg_tree"
"The_East_Hampton_Star","Newspaper","PeriodicalLiterature","Work","WrittenWork"
"Huang_Ju","Person","OfficeHolder","Agent"
"Empress_Matilda","Person","Royalty","Agent"
"Bart_of_Darkness","TelevisionEpisode","Work"
"Eddie_N._Robinson","CollegeCoach","Person","Coach","Agent"
"John_Napier_Turner"
"Evening_Observer"
"Newnham_College_Boat_Club","Organisation","SportsTeam","Agent","SoccerClub"
"Member_states_of_the_Association_of_Southeast_Asian_Nations"
"Mohandas_Karamchand_Gandhi"
"The_Trumpeter_of_Krakow","Book","WrittenWork","Work"
"Austen_Chamberlain","Person","Politician","Agent"
"Bill_Clinton","Person","Politician","Agent","President"
"A._M._M._Naushad","Person","MemberOfParliament","Politician","Agent"
"Iceman_(comics)","ComicsCharacter","Person","FictionalCharacter","Agent"
"Exeter_College,_Oxford","Organisation","EducationalInstitution","College","University","Agent"
"Putnam_County,_New_York","PopulatedPlace","AdministrativeRegion","Region","Place","Location"
"Chalo_Ishq_Ladaaye","Work","Film"
"Beauty_and_the_Beast_(musical)","MusicalWork","Work","Musical"
"List_of_animals_in_the_Bible"
"Mount_Royal_University","Organisation","EducationalInstitution","University","Agent"
"Windows_Server_2003","Work","Software"
"Andrew_Huxley","Person","Scientist","Agent"
"Maine","PopulatedPlace","AdministrativeRegion","Region","Place","Location"
"Giant_Snipe"
"Mars_Attacks","Person","Writer","Agent"
"South_Asian_Association_for_Regional_Cooperation","Country","Organisation","Agent","Place","Location","PopulatedPlace"
"Fitzwilliam_College,_Cambridge","Organisation","EducationalInstitution","College","University","Agent"
"Hoffa","Work","Film"
"Gare_de_Lyon_rail_accident"
"Isurium_Brigantum","ArchitecturalStructure","MilitaryStructure","Place"
"Slender-billed_Curlew"
"Glasgow_International_Airport"
"The_Church_of_Jesus_Christ_of_Latter-day_Saints","Building","ArchitecturalStructure","Place"
"Family","Band","Organisation","Group","Agent"
"Common_Sandpiper"
"Peter_Pan","Person","FictionalCharacter","Agent"
"The_Incredibles","Work","Film"
"Augustin-Louis_Cauchy","Person","Scientist","Agent"
"Magdalene_College,_Cambridge","Organisation","EducationalInstitution","College","University","Agent"
"Force_Heretic:_Reunion","Book","WrittenWork","Work"
"Mark_Latham","Person","OfficeHolder","Agent"
"Merton_College,_Oxford","Organisation","EducationalInstitution","College","University","Agent"
"Gambrill_State_Park","ProtectedArea","Place","Location"
"Homer_and_Apu","TelevisionEpisode","Work"
"Henry_Hallett_Dale","Person","Scientist","Agent"
"The_Little_Mermaid","Work","WrittenWork"
"Martin_Sheen__1","PersonFunction"
"Little_House_on_the_Prairie","Work","TelevisionShow"
"OCAD_University","Organisation","EducationalInstitution","University","Agent"
"News_Review_Messenger","Newspaper","PeriodicalLiterature","Work","WrittenWork"
"Aladdin_(1992_Disney_film)","Person","Work","Film","Agent"
"Dinosaur","Band","Organisation","Group","Agent"
"Hey,_Al","Book","WrittenWork","Work"
"Jesus_College,_Cambridge","Organisation","EducationalInstitution","College","University","Agent"
"Archibald_Hill_Carmichael","Person","Agent"
"Ronald_Reagan","Person","Politician","Agent","President"
"Ekati_Diamond_Mine","Agent"
"Three_Lions","MusicalWork","Work","Single"
"Jack_Snipe"
"Jean-Charles_de_Borda","Person","Scientist","Agent"
"The_Ithaca_Journal","Newspaper","PeriodicalLiterature","Work","WrittenWork"
"Tundra_Mine","Person","Agent"
"Pulp_magazine","PeriodicalLiterature","Magazine","Work","WrittenWork"
"Western_Kentucky_University","Organisation","EducationalInstitution","University","Agent"
"The_New_York_Observer","Newspaper","PeriodicalLiterature","Work","WrittenWork"
"Paidi_Jairaj","Person","Agent"
"Seneca_Creek_State_Park","ProtectedArea","Place","Location"
"The_Buffalo_News","Newspaper","PeriodicalLiterature","Work","WrittenWork"
"Mission_(Christianity)"
"Thimble_Summer","Book","WrittenWork","Work"
"NorQuest_College","Organisation","EducationalInstitution","University","Agent"
"John_F._Kennedy_International_Airport","ArchitecturalStructure","Airport","Infrastructure","Place","Location"
"American_Broadcasting_Company","BroadcastNetwork","Organisation","Broadcaster","Agent"
"Lincoln_Memorial","ArchitecturalStructure","Building","Place","Location"
"Storey"
"Who_Shot_Mr._Burns%3F"
"Berkeley,_California","City","Settlement","Place","Location","PopulatedPlace"
"Paheli","Work","Film"
"Wellsville_Daily_Reporter","Newspaper","PeriodicalLiterature","Work","WrittenWork"
"Robert_Swinhoe","Person","Agent"
"SS_Norlom","MeanOfTransportation","Ship"
"Trent_University","Organisation","EducationalInstitution","Agent","ArchitecturalStructure","Place","University"
"Buff-breasted_Sandpiper"
"Rain_Man","Work","Film"
"Clare_College,_Cambridge","Organisation","EducationalInstitution","College","University","Agent"
"Pierre-Simon_Laplace","Person","Scientist","Agent"
"Wandering_Tattler"
"To_Kill_a_Mockingbird","Book","WrittenWork","Work"
"Song_of_the_South","Work","Film"
"University_of_Western_Ontario","Organisation","EducationalInstitution","University","Agent"
"Lakehead_University","Organisation","EducationalInstitution","University","Agent"
"Mount_Sir_Mackenzie_Bowell","Mountain","NaturalPlace","Place"
"Eastern_Curlew"
"Elmer_Gantry","Book","WrittenWork","Work"
"Grey-tailed_Tattler"
"U-T_San_Diego"
"Hrishikesh_Mukherjee","Person","Agent"
"Tuamotu_Sandpiper"
"Yankee_traders"
"Papua_New_Guinea","Artist","Country","Agent","Person","Place","Location","MusicalArtist","PopulatedPlace"
"Darwin_College,_Kent","University","EducationalInstitution","Organisation","Agent"
"Lincoln_College,_Oxford","Organisation","EducationalInstitution","College","University","Agent"
"Marge_On_The_Lam"
"Cunningham_Falls_State_Park","ProtectedArea","Place","Location"
"Rifles_for_Watie","Book","WrittenWork","Work"
"Edgar_Adrian,_1st_Baron_Adrian"
"One_Hundred_and_One_Dalmatians","Person","Work","Film","Agent"
"Francis_William_Aston","Person","Scientist","Agent"
"NBC","BroadcastNetwork","Organisation","Broadcaster","Agent"
"CSI:_Crime_Scene_Investigation_(season_7)","Work","TelevisionSeason"
"University_of_Toronto","Organisation","EducationalInstitution","University","Agent"
"Carleton_University","Organisation","EducationalInstitution","University","Agent"
"Interstate_Highway_System","Organisation","Broadcaster","Agent"
"Jockey"
"Scent_of_a_Woman_(1974_film)","Work","Film"
"Philadelphia","City","Settlement","Place","Location","PopulatedPlace"
"Henry_VIII_of_England","Person","Royalty","Agent"
"Windows_NT","Work","Software"
"Reality_Bites","Work","Film"
"The_Voyages_of_Doctor_Dolittle","Book","WrittenWork","Work"
"Assateague_State_Park","ProtectedArea","Place","Location"
"Lethbridge_College","Organisation","EducationalInstitution","University","Agent"
"Transvestism","Company","Organisation","Agent"
"White_Snow,_Bright_Snow","Book","WrittenWork","Work"
"List_of_diplomatic_missions_of_Russia"
"Durga_Khote","Person","Agent"
"Richard_Schiff","Person","Agent"
"Daily_Star_(United_Kingdom)"
"Homer_Loves_Flanders","TelevisionEpisode","Work"
"Raaj_Kumar","Person","Agent"
"Ptarmigan_and_Tom_Mine","Company","Organisation","Agent"
"Finding_Nemo","Work","Film"
"Lust_for_Life_(film)","Work","Film"
"Templeton_College,_Oxford","Organisation","EducationalInstitution","College","University","Agent"
"Dusky_Woodcock"
"Royal_Military_College_of_Canada","Organisation","EducationalInstitution","University","Agent"
"A._V._Dicey","Person","Agent"
"Winger_(ice_hockey)","Person","Agent"
"Sharp-tailed_Sandpiper"
"Franklin_D._Roosevelt","Person","OfficeHolder","Agent"
"Wood_Sandpiper"
"Boxer_Rebellion","MilitaryConflict","Event","SocietalEvent"
"Raja_Ki_Aayegi_Baraat","Work","Film"
"List_of_Lilo_&amp;_Stitch_characters"
"Gordon_Darcy_Lilo","Person","OfficeHolder","Agent"
"Portage_College","Organisation","EducationalInstitution","University","Agent"
"Sir_Frederick_Hopkins"
"Wellington_Willoughby","Person","Politician","Agent","PrimeMinister"
"Wadham_College"
"Magazine","PeriodicalLiterature","Work","WrittenWork"
"Mount_J._J._Thomson","Mountain","NaturalPlace","Place"
"Brasenose_College"
"Lotus_Esprit","Automobile","MeanOfTransportation"
"Education","Election","Event","SocietalEvent"
"To_Kill_a_Mockingbird_(film)","Work","Film"
"Lata_Mangeshkar","Person","MusicalArtist","Agent","Artist"
"Joshua_Malina","Person","Work","Film","Agent"
"The_Village_Voice","Newspaper","PeriodicalLiterature","Work","WrittenWork"
"Outpost_Island_Mine","Person","Agent"
"Wishart_McLea_Robertson","Person","Agent"
"Presidency_of_Ronald_Reagan","PopulatedPlace","Place"
"William_Ross_Macdonald","Person","OfficeHolder","Agent"
"Tarzan","Person","FictionalCharacter","Agent"
"The_Saratogian","Newspaper","PeriodicalLiterature","Work","WrittenWork"
"Kabhi_Khushi_Kabhie_Gham...","Work","Film"
"Alexander_Mackenzie_(composer)","Person","Agent"
"Treason","Work","Film"
"The_State_Journal-Register","Newspaper","PeriodicalLiterature","Work","WrittenWork"
"Toronto_Telegram","WrittenWork","Organisation","Work","Agent","PeriodicalLiterature","Newspaper","PoliticalParty"
"Pendyala_Nageswara_Rao","Person","MusicalArtist","Agent","Artist"
"Pashtunwali","Work","Film"
"Corpus_Christi_College,_Oxford","Organisation","EducationalInstitution","College","University","Agent"
"Girton_College,_Cambridge","Organisation","EducationalInstitution","College","University","Agent"
"Tony_Mamaluke","Person","Athlete","Wrestler","Agent"
"Duke_University","Organisation","EducationalInstitution","University","Agent"
"European_Economic_Area","Organisation","Agent"
"Wikipedia:Peer_review/Treehouse_of_Horror_V/archive2"
"Shen_of_the_Sea","Book","WrittenWork","Work"
"Home_run"
"Peterhouse,_Cambridge","Organisation","EducationalInstitution","College","University","Agent"
"Transfer_of_sovereignty_over_Hong_Kong"
"Piezoelectricity","Person","Agent"
"Newsday","Newspaper","PeriodicalLiterature","Work","WrittenWork"
"Tetris","VideoGame","Work","Software"
"Microsoft_Windows_98"
"Throw_Momma_from_the_Train","Work","Film"
"David_Mills_(TV_writer)","Person","Writer","Agent"
"Daler_Mehndi","Person","MusicalArtist","Agent","Artist"
"Low-pressure_area","PopulatedPlace","Settlement","Place"
"Murray_Edwards_College,_Cambridge","Organisation","EducationalInstitution","College","University","Agent"
"German_reunification","Election","Event","SocietalEvent"
"Joseph_Had_a_Little_Overcoat","Book","WrittenWork","Work"
"Martin_Sheen","Person","Agent"
"New_York_Newsday"
"King_of_the_Wind_(film)","Work","Film"
"Ox-Cart_Man","Book","WrittenWork","Work"
"Album"
"The_Grey_King","Book","WrittenWork","Work"
"Homerton_College"
"Canadian_University_College"
"Shadow_of_a_Bull","Book","WrittenWork","Work"
"Trinity_Hall,_Cambridge","Organisation","EducationalInstitution","College","University","Agent"
"Pierre_Trudeau","Person","OfficeHolder","Agent"
"Burwash_Mine","Building","ArchitecturalStructure","Place"
"African_American"
"Mahasweta_Devi","Person","Writer","Agent"
"New_York_Amsterdam_News_Building","ArchitecturalStructure","Building","Place","Location"
"Andean_Community_of_Nations"
"King_of_the_Wind","Book","WrittenWork","Work"
"The_News_Journal","Newspaper","PeriodicalLiterature","Work","WrittenWork"
"Owl_Moon","Book","WrittenWork","Work"
"Edmund_Campion","Person","Cleric","Saint","Agent"
"Edge_of_Victory:_Rebirth","Book","WrittenWork","Work"
"St_Edmund_Hall"
"New_York_Post","Newspaper","PeriodicalLiterature","Work","WrittenWork"
"Pankaj_Mullick__1","PersonFunction"
"Gerald_Ford","Person","OfficeHolder","Agent"
"Daily_Freeman","Newspaper","PeriodicalLiterature","Work","WrittenWork"
"Downing_College_Boat_Club","Organisation","SportsTeam","Agent","SoccerClub"
"Laurentian_University","Organisation","EducationalInstitution","University","Agent"
"Austin_Powers_in_Goldmember","Work","Film"
"Pectoral_Sandpiper"
"Be_Cool","Work","Film"
"List_of_The_Chronicles_of_Narnia_characters"
"Albert_I_of_Germany","Person","Royalty","Agent"
"McMaster_University","Organisation","EducationalInstitution","University","Agent"
"Fall_of_Saigon","MilitaryConflict","Event","SocietalEvent"
"Bud_Harrelson","Person","Athlete","BaseballPlayer","Agent"
"My_Friend_Rabbit","Book","WrittenWork","Work"
"Corpus_Christi_College,_Cambridge","Organisation","EducationalInstitution","College","University","Agent"
"Bint_al-Huda"
"Avatar_(2009_film)","Work","Film"
"List_of_Kappa_Mikey_episodes"
"Saint_Peter","Person","Cleric","ChristianBishop","Agent","Saint"
"Presidency_of_Bill_Clinton","Organisation","Agent"
"New-Yorker_Staats-Zeitung"
"Lockheed_C-130_Hercules","Aircraft","MeanOfTransportation"
"Whisky_Galore!_(film)"
"Chevrolet_Corvette_C6.R","Automobile","MeanOfTransportation"
"Ahmadiyya","Organisation","Agent"
"Hertford_College"
"Mitsubishi_A6M_Zero","Aircraft","MeanOfTransportation"
"Pin-tailed_Snipe"
"Lethbridge_Pronghorns","Organisation","SportsTeam","Agent"
"Chanticleer_and_the_Fox","Book","WrittenWork","Work"
"Veer-Zaara","Work","Film"
"Always_Room_for_One_More","Book","WrittenWork","Work"
"Bar-tailed_Godwit"
"New_Germany_State_Park","ProtectedArea","Place","Location"
"In_Rainbows","Album","MusicalWork","Work"
"Caribbean_Community_and_Common_Market"
"George_Paget_Thomson","Person","Scientist","Agent"
"Bond_girl","Person","FictionalCharacter","Agent"
"List_of_Masters_of_Sidney_Sussex_College,_Cambridge"
"Washburn_University","Organisation","EducationalInstitution","University","Agent"
"Commonwealth_of_Independent_States","Country","Organisation","Agent","Place","Location","PopulatedPlace"
"Record_producer"
"Two-front_war","Person","MilitaryPerson","Agent"
"The_Biggest_Bear","Book","WrittenWork","Work"
"Die_Another_Day","Work","Film"
"Force_Heretic:_Refugee","Book","WrittenWork","Work"
"Semipalmated_Sandpiper"
"Red-necked_Phalarope"
"Ashanti_to_Zulu","Book","WrittenWork","Work"
"Thomas_Becket","Person","Cleric","ChristianBishop","Agent"
"Ruth_Mine","Person","Agent"
"Harold_Wilson","Person","OfficeHolder","Agent"
"Rocky_Mountain_College","Organisation","EducationalInstitution","University","Agent","Work"
"Double_agent","Person","Agent"
"The_Jungle_Book_(1967_film)","Person","Work","Film","Agent"
"Insect","Eukaryote","Species","Animal"
"Tales_from_Silver_Lands","Book","WrittenWork","Work"
"Salt_Lake_Stadium","ArchitecturalStructure","SportFacility","Place","Location","Stadium"
"Lesser_Yellowlegs"
"Roll_of_Thunder,_Hear_My_Cry","Book","WrittenWork","Work"
"The_Fox_and_the_Hound","Person","Work","Film","Agent"
"Mujhse_Dosti_Karoge!","Work","Film"
"Wikipedia:Featured_article_candidates/Make_Way_for_Ducklings"
"Twin","Mammal","Eukaryote","Species","Animal"
"Sir_James_Mirrlees"
"Charles_Glover_Barkla","Person","Scientist","Agent"
"Raichand_Boral","Person","Agent"
"Swallow_Falls_State_Park","ProtectedArea","Place","Location"
"Saathiya"
"Get_Shorty_(film)","Work","Film"
"Cinderella","Work","WrittenWork"
"George_H._W._Bush","Person","OfficeHolder","Agent"
"Winnie_the_Pooh_and_the_Honey_Tree","Work","Film"
"Marsh_Sandpiper"
"Indira_Gandhi","Person","OfficeHolder","Agent"
"Atlantis","Island","Place","PopulatedPlace"
"My_Friend_Rabbit__My_Friend_Rabbit__1","Work","TelevisionShow"
"Jacob_Have_I_Loved","Book","WrittenWork","Work"
"Lilies_of_the_Field_(1963_film)","Work","Film"
"Ruff_Ryders_Entertainment","Company","RecordLabel","Organisation","Agent"
"Wolfson_College,_Cambridge","Organisation","EducationalInstitution","College","University","Agent"
"Waterless_Mountain","Book","WrittenWork","Work"
"Tribune_Media_Services","Company","Organisation","Agent"
"Wartburg","ArchitecturalStructure","Building","Castle","Place","Location"
"Kuch_Kuch_Hota_Hai","Work","Film"
"The_Jungle_Book","Book","WrittenWork","Work"
"Prayer_for_a_Child","Book","WrittenWork","Work"
"University_of_Pennsylvania","University","Organisation","EducationalInstitution","SportsLeague","Agent"
"Sulawesi_Woodcock"
"Runaway_Train_(film)","Work","Film"
"Drummer_Hoff","Book","WrittenWork","Work"
"Beauty_and_the_Beast_(1991_film)","Person","Work","Film","Agent"
"American_City_Business_Journals","Company","Organisation","Agent"
"Mike_Patton","Person","MusicalArtist","Agent","Artist"
"Discovery_Mine","PopulatedPlace","Settlement","Place"
"Sleeping_Beauty","Work","WrittenWork"
"MRT_(Bangkok)","PublicTransitSystem","Organisation","Agent"
"Shiromani_Akali_Dal","Organisation","PoliticalParty","Agent"
"John_Kendrew_(inventor)","Person","Agent"
"Snowflake_Bentley_(book)","Book","WrittenWork","Work"
"Greenbrier_State_Park","ProtectedArea","Place","Location"
"St._Catharines","City","Settlement","Place","Location","PopulatedPlace"
"Times_Union_(Albany)","Newspaper","PeriodicalLiterature","Work","WrittenWork"
"The_Door_in_the_Wall","Book","WrittenWork","Work"
"Watertown_Daily_Times","Newspaper","PeriodicalLiterature","Work","WrittenWork"
"L.A._Confidential_(film)","Work","Film"
"Death_of_a_Salesman","Play","Work","WrittenWork"
"Song_and_Dance_Man","Book","WrittenWork","Work"
"Encore_(Eminem_album)","Album","MusicalWork","Work"
"Physician"
"William_Benjamin_Ross","Person","OfficeHolder","Agent"
"University_of_Guelph","Organisation","EducationalInstitution","University","Agent"
"Alexander_Campbell_(clergyman)","Person","Agent"
"Sanderling","Eukaryote","Species","Animal","Bird"
"Dwight_D._Eisenhower","Person","OfficeHolder","Agent"
"Tundra_Mine/Salamita_Mine_Aerodrome","ArchitecturalStructure","Airport","Infrastructure","Place","Location"
"Star-Gazette","Newspaper","PeriodicalLiterature","Work","WrittenWork"
"Noah","Cleric","Work","Agent","Person","Saint","MusicalWork"
"Purple_Sandpiper"
"Pradeep_Kumar","Person","Agent"
"The_National_Herald","Work","Software"
"Fuegian_Snipe"
"Memorial_Bridge,_Bangkok"
"Galactic_Empire_(Star_Wars)","Country","Place","PopulatedPlace"
"Michael_J._Fox","Person","Agent"
"Christ_Church,_Oxford","Organisation","EducationalInstitution","College","University","Agent"
"Kristin_Chenoweth","Person","Agent"
"The_Cord_Weekly"
"Charles_I_of_England","Person","Royalty","Agent"
"Eskimo_Curlew"
"Rabbit_Hill","Book","WrittenWork","Work"
"DeVry_Institute_of_Technology"
"World_War_I","Person","MilitaryPerson","Agent"
"The_Hundred_and_One_Dalmatians","Book","WrittenWork","Work"
"Windows_95","Work","Software"
"M._C._Higgins,_the_Great","Book","WrittenWork","Work"
"Giant_Mine","Device","Weapon"
"Venta_Icenorum"
"Windows_98","Work","Software"
"Gift","Food"
"Mystic_River_(film)","Work","Film"
"Niels_Bohr","Person","Scientist","Agent"
"Many_Moons_(song)","MusicalWork","Work","Single"
"Peterhouse_Group_of_Boarding_Schools"
"European_Union","Country","Organisation","Agent","Place","Location","PopulatedPlace"
"Great_Snipe"
"I,_Juan_de_Pareja","Book","WrittenWork","Work"
"Times_Herald-Record","Newspaper","PeriodicalLiterature","Work","WrittenWork"
"Moulin_Rouge","Theatre","Artist","Venue","Agent","ArchitecturalStructure","Person","Place","Location","MusicalArtist"
"101_Dalmatians"
"Jews","Band","Organisation","Group","EthnicGroup","Agent"
"Black-and-white"
"Goldfinger_(film)","Work","Film"
"Mardi_Gras"
"China's_Best_Actor:_Wen_Jiabao","Book","WrittenWork","Work"
"Rocky_Gap_State_Park","ProtectedArea","Place","Location"
"Windows_9x","Work","Software"
"Leopold_III_of_Belgium","Person","Royalty","Agent"
"Kramer_vs._Kramer","Work","Film"
"Citizen_Kane","Work","Film"
"My_Cousin_Vinny","Work","Film"
"Ryerson_University_Entrepreneurship_Program","Work","TelevisionShow"
"May_I_Bring_a_Friend%3F","Book","WrittenWork","Work"
"Eurasian_Curlew"
"Three_Little_Pigs_(film)"
"Filipino_Reporter_(newspaper)"
"Susquehanna_State_Park"
"Sonar","TopicalConcept"
"Robinson_College,_Cambridge","Organisation","EducationalInstitution","College","University","Agent"
"Lisa_Simpson","Person","FictionalCharacter","Agent"
"Alexander_Mackenzie","Person","Agent"
"Born_on_the_Fourth_of_July_(film)","Work","Film"
"List_of_Who_Framed_Roger_Rabbit_media"
"Maniac_Magee_(film)","Work","TelevisionShow","Film"
"For_Your_Eyes_Only_(film)","Work","Film"
"Gold_mining","Election","Event","SocietalEvent"
"The_Sleeping_Beauty_(ballet)","MusicalWork","Work"
"Cyrano_de_Bergerac_(writer)"
"Madurai_Nayak_Dynasty"
"Scent_of_a_Woman_(1992_film)","Work","Film"
"Up_a_Road_Slowly","Book","WrittenWork","Work"
"Crispin:_The_Cross_of_Lead","Book","WrittenWork","Work"
"Quality_of_life","Organisation","Broadcaster","TelevisionStation","Agent"
"A_Quiet_Place"
"Dunlin","Eukaryote","Species","Animal","Bird"
"Salmita_Mine","Person","Agent"
"So_You_Want_to_Be_President%3F","Book","WrittenWork","Work"
"Hudsonian_Godwit"
"Trinity_Hall"
"Blessed_Virgin_Mary_(Roman_Catholic)"
"American_Recovery_and_Reinvestment_Act_of_2009","Work","Software"
"Union_of_South_Africa","Country","Organisation","Agent","Place","Location","PopulatedPlace"
"Mrs._Frisby_and_the_Rats_of_NIMH","Book","WrittenWork","Work"
"University_of_Lethbridge","Organisation","EducationalInstitution","University","Agent"
"Leaving_Las_Vegas","Work","Film"
"Catherine_of_Alexandria","Person","Cleric","Saint","Agent"
"Gunpowder_Falls_State_Park","ProtectedArea","Place","Location"
"Prodrive","Company","Organisation","Agent"
"Wen_Jiabao","Person","OfficeHolder","Agent"
"New_Yorker_Staats-Zeitung","Newspaper","PeriodicalLiterature","Work","WrittenWork"
"Red_Deer_College","Organisation","EducationalInstitution","University","Agent"
"Alfred_Johnson_Brooks","Person","Agent"
"Horse","Mammal","Eukaryote","Species","Animal"
"Staten_Island_Advance","Newspaper","PeriodicalLiterature","Work","WrittenWork"
"George_S._Patton","Person","MilitaryPerson","Agent"
"Agents_of_Chaos:_Jedi_Eclipse","Book","WrittenWork","Work"
"Agents_of_Chaos:_Hero's_Trial","Book","WrittenWork","Work"
"Pyaar_Diwana_Hota_Hai","Work","Film"
"Arthropod","Eukaryote","Species","Animal"
"Jedi","Person","FictionalCharacter","Agent"
"Ford_Mustang_Mach_1","Automobile","MeanOfTransportation","Work","Software"
"A_Single_Shard","Book","WrittenWork","Work"
"Walter_Gilbert","Person","Scientist","Agent"
"Black_hole"
"Treehouse_of_Horror_IV","TelevisionEpisode","Work"
"Pankaj_Mullick","Person","Agent"
"Long_Island_Business_News","Newspaper","AcademicJournal","Work","WrittenWork","PeriodicalLiterature"
"Snow_White","Work","WrittenWork"
"Kal_Ho_Naa_Ho","Work","Film"
"Castaway","Person","Agent"
"Illustrator","Person","Agent"
"Prithviraj_Kapoor","Person","Agent"
"House_of_Cards"
"James_Brown","Person","MusicalArtist","Agent","Artist"
"Jumanji","Work","Film"
"Homerton_College,_Cambridge","Organisation","EducationalInstitution","College","University","Agent"
"Richard_Schiff__1","PersonFunction"
"Caribbean_Community","Organisation","Agent"
"Saathiya_(film)","Work","Film"
"Ernest_Walton","Person","Scientist","Agent"
"French_Connection","Organisation","Agent"
"Low-cost_carrier","Company","Agent","Airline","Organisation"
"John_Abbott","Person","OfficeHolder","Agent"
"Clare_Hall,_Cambridge","Organisation","EducationalInstitution","College","University","Agent"
"Call_It_Courage__The_Wonderful_World_of_Disney:_Call_it_Courage__1","Work","TelevisionShow"
"Rayrock_Mine","ChemicalSubstance","ChemicalCompound"
"The_World_Is_Not_Enough","Work","Film"
"Windows_2000","Work","Software"
"Great_Knot"
"Dule_Hill"
"List_of_football_clubs_in_Lithuania"
"Ek_Nai_Paheli","Work","Film"
"Kuch_Kuch_Hota_Hai__Kuch_Kuch_Hota_Hai__1"
"Lon_Po_Po:_A_Red-Riding_Hood_Story_from_China"
"Russell's_paradox"
"Lisa_on_Ice","TelevisionEpisode","Work"
"Grande_Prairie_Regional_College","Organisation","EducationalInstitution","University","Agent"
"Raoul_Dandurand","Person","OfficeHolder","Agent"
"University_of_Waterloo","Organisation","EducationalInstitution","University","Agent"
"Majrooh_Sultanpuri","Person","MusicalArtist","Agent","Artist"
"Little_Island,_Cork","PopulatedPlace","Settlement","Place","Location"
"Trade_union","Organisation","Agent"
"Erin_Brockovich","Person","Agent"
"Prairie_Bible_Institute","University","Organisation","EducationalInstitution","WinterSportPlayer","Agent","Person","IceHockeyPlayer","Athlete"
"St_Catharine's_Church,_Scholes","ArchitecturalStructure","Building","HistoricBuilding","Place","Location"
"Dark_Tide:_Onslaught","Book","WrittenWork","Work"
"Aston_Martin","Company","Organisation","Agent"
"Jimmy_Hoffa","Person","Agent"
"The_Incredibles:_Rise_of_the_Underminer","VideoGame","Work","Software"
"Windows_Me"
"Miracles_on_Maple_Hill","Book","WrittenWork","Work"
"List_of_Athabasca_University_people"
"Little_Curlew"
"Baronet","Person","Agent"
"Pembroke_College,_Cambridge","Organisation","EducationalInstitution","College","University","Agent"
"List_of_awards_received_by_Lata_Mangeshkar"
"New_York_Amsterdam_News","Newspaper","PeriodicalLiterature","Work","WrittenWork"
"A_Tree_Is_Nice","Book","WrittenWork","Work"
"Rocky_Mountain_College_of_Art_and_Design","Person","Organisation","EducationalInstitution","University","Agent"
"Nipissing_University","Organisation","EducationalInstitution","University","Agent"
"Make_Way_for_Ducklings","Book","WrittenWork","Work"
"Chatham_Snipe"
"Time_of_Wonder","Book","WrittenWork","Work"
"Edgar_Douglas_Adrian"
"Nitin_Bose__1","PersonFunction"
"Batman_Returns_(video_game)","VideoGame","Work","Software"
"Cerebro's_X-Men","Organisation","SportsTeam","Agent"
"The_Reluctant_Dragon","Work","WrittenWork"
"The_Virgin_Suicides","Book","WrittenWork","Work"
"List_of_The_Simpsons_comics"
"Brian_David_Josephson"
"Venta_Belgarum","PopulatedPlace","Settlement","Place"
"Onion_John","Book","WrittenWork","Work"
"Wood_Snipe"
"Daily_News_(New_York)"
"Midwifery","Work"
"Anton_Community_Newspapers"
"Greater_Yellowlegs"
"Calcutta_Mail","Work","Film"
"Albert_II_of_Belgium","Person","Royalty","Agent"
"Teacher","Person","Agent"
"The_Post-Journal","Newspaper","PeriodicalLiterature","Work","WrittenWork"
"Worcester_College,_Oxford","Organisation","EducationalInstitution","College","University","Agent"
"101_Dalmatians_(1996_film)","Work","Film"
"Girton_College_Boat_Club","Organisation","SportsTeam","Agent","SoccerClub"
"Fantasia_Barrino","Person","MusicalArtist","Agent","Artist"
"Caddie_Woodlawn","Book","WrittenWork","Work"
"Niagara_Falls_Reporter","Newspaper","PeriodicalLiterature","Work","WrittenWork"
"Jack_Hall_(architect)","Person","Agent"
"Kellogg_College,_Oxford","Organisation","EducationalInstitution","College","University","Agent"
"Dev_Anand_filmography"
"Mackenzie_Bowell","Person","OfficeHolder","Agent"
"A_Man_for_All_Seasons","Play","Work","WrittenWork"
"Downing_College,_Cambridge","Organisation","EducationalInstitution","College","University","Agent"
"Michael_Powell_(director)"
"A_Year_Down_Yonder","Book","WrittenWork","Work"
"St_Hilda"
"Out_of_the_Dust","Book","WrittenWork","Work"
"Licence_to_Kill","Work","Film"
"Hey_Ram","Work","Film"
"The_Story_of_Mankind","Book","WrittenWork","Work"
"Amami_Woodcock"
"V._Shantaram","Person","Agent"
"Medicine_Hat_College","Organisation","EducationalInstitution","University","Agent"
"London_Fire_Brigade_appliances"
"Sir_George_Paget_Thomson"
"The_Funny_Little_Woman","Book","WrittenWork","Work"
"Balliol_College,_Oxford","Organisation","EducationalInstitution","College","University","Agent"
"Louis_Philippe_I","Person","Royalty","Agent"
"Eschatology"
"Queens_Chronicle","Newspaper","PeriodicalLiterature","Work","WrittenWork"
"Oliver_Mowat","Person","Politician","Agent"
"Sohrab_Modi","Person","Agent"
"Live_and_Let_Die_(film)","Work","Film"
"Hurricane_Katrina","Single","Work","MusicalWork"
"Long-billed_Dowitcher"
"New_York_World-Telegram","Newspaper","PeriodicalLiterature","Work","WrittenWork"
"Mansfield_College"
"Northern_Ontario_School_of_Medicine","School","EducationalInstitution","Organisation","Agent"
"Alice_in_Wonderland_(2010_film)","Work","Film"
"Jesus_College,_Oxford","Organisation","EducationalInstitution","College","University","Agent"
"Art_Gallery_of_Sudbury","ArchitecturalStructure","Building","Museum","Place","Location"
"Multitrack_recording"
"Rescue"
"Pradeep_Rawat"
"A_Star_Is_Burns","TelevisionEpisode","Work"
"Buffalo_News"
"Athabasca_University","Organisation","EducationalInstitution","University","Agent"
"Austin_Powers_in_Goldmember__Austin_Powers_in_Goldmember__1","Album","MusicalWork","Work"
"Baboushka_and_the_Three_Kings","Book","WrittenWork","Work"
"Little_House_on_the_Prairie_(TV_series)","Work","TelevisionShow"
"Smoky_the_Cowhorse","Book","WrittenWork","Work"
"On_Golden_Pond_(play)","Play","Work","WrittenWork"
"African_Snipe"
"Guelph_Gryphons","Organisation","SportsTeam","Agent"
"Brock_University","Organisation","EducationalInstitution","University","Agent"
"Snow_White_and_the_Seven_Dwarfs_(1937_film)","Person","Work","Film","Agent"
"Allison_Janney","Person","Agent"
"A_Man_for_All_Seasons_(1966_film)","Work","Film"
"Walk_Two_Moons","Book","WrittenWork","Work"
"McMaster_Marauders","Organisation","SportsTeam","Agent"
"George_Derwent_Thomson","Person","Agent"
"One_Flew_Over_the_Cuckoo_Clock","TelevisionEpisode","Work"
"Harry_S._Truman","Person","OfficeHolder","Agent"
"List_of_things_named_after_Augustin-Louis_Cauchy"
"Dev_Anand","Person","Agent"
"Evangel_University","Organisation","EducationalInstitution","University","Agent"
"Sydney_Chapman_(politician)","Person","MemberOfParliament","Politician","Agent"
"Lady_Margaret_Hall"
"Strawberry_Girl","Person","Book","WrittenWork","Agent","Work"
"Monarchy_of_the_United_Kingdom","Country","Place","PopulatedPlace"
"Common_Snipe"
"They_Were_Strong_and_Good","Book","WrittenWork","Work"
"Windows_XP","Device","Work","InformationAppliance","Software"
"Brown_University","Organisation","EducationalInstitution","University","Agent"
"Lazare_Carnot","Person","OfficeHolder","Agent"
"Bart_vs._Australia","TelevisionEpisode","Work"
"Brian_Josephson","Person","Scientist","Agent"
"The_Story_of_Mankind_(film)","Work","Film"
"Lucy_Cavendish_College"
"The_Times_(Little_Falls)","Newspaper","PeriodicalLiterature","Work","WrittenWork"
"Pembroke_College,_Oxford","Organisation","EducationalInstitution","College","University","Agent"
"Pulp_Fiction","Work","Film"
"St_Cross_College"
"College_football","Person","Athlete","Agent"
"Bart_Gets_an_Elephant","TelevisionEpisode","Work"
"European_Free_Trade_Association","Country","Organisation","Agent","Place","Location","PopulatedPlace"
"Echo_Bay_Mines","Company","Organisation","Agent"
"Arkansas_Democrat-Gazette","Newspaper","PeriodicalLiterature","Work","WrittenWork"
"Cross-dressing","Band","Organisation","Group","Agent"
"Sylvester_and_the_Magic_Pebble","Book","WrittenWork","Work"
"Marge_on_the_Lam","TelevisionEpisode","Work"
"White_Stag_Leadership_Development_Program","Organisation","Place","Agent"
"Ashford_University","Organisation","EducationalInstitution","University","Agent"
"Charles_Swinhoe","Person","Agent"
"Fantasia_(film)"
"Martin_Ryle","Person","Scientist","Agent"
"Liza_Minnelli","Person","Agent"
"Amartya_Sen","Person","Economist","Agent"
"Hilda_of_Whitby","Person","Cleric","Saint","Agent"
"R_C_Boral"
"The_New_York_Times_Best_Seller_list"
"Devika_Rani","Person","Agent"
"Reflection_(physics)","Organisation","Agent"
"The_Tale_of_Despereaux","Person","Book","WrittenWork","Agent","Work"
"History_of_Canadian_University_College","School","EducationalInstitution","Organisation","Agent"
"In_the_Heat_of_the_Night_(TV_series)","Work","TelevisionShow"
"Chinatown","EthnicGroup"
"Least_Sandpiper"
"Surfin'_USA"
"The_New_York_Times","Newspaper","PeriodicalLiterature","Work","WrittenWork"
"Homer_Goes_to_College","TelevisionEpisode","Work"
"Thompson-Lundmark_Mine","Person","Agent"
"Poughkeepsie_Journal","Newspaper","PeriodicalLiterature","Work","WrittenWork"
"Wharf","Building","ArchitecturalStructure","Place"
"Doctor_Zhivago_(novel)","Book","WrittenWork","Work"
"Kal_Ho_Naa_Ho__Kal_Ho_Naa_Ho__1","Album","MusicalWork","Work"
"Muslim_conquests"
"Royal_Military_College_Paladins","Organisation","SportsTeam","Agent"
"List_of_TaleSpin_characters"
"Richard_Laurence_Millington_Synge","Person","Scientist","Agent"
"Ernest_Rutherford","Person","OfficeHolder","Agent"
"Homie_the_Clown","TelevisionEpisode","Work"
"Short-billed_Dowitcher"
"Fire"
"Steel_fence_post","ArchitecturalStructure","MilitaryStructure","Place"
"$pringfield_(Or,_How_I_Learned_to_Stop_Worrying_and_Love_Legalized_Gambling)"
"Jaguar_XK_(X150)","Automobile","MeanOfTransportation"
"As_I_Am_(Kristin_Chenoweth_album)","Album","MusicalWork","Work"
"Vacuum","Person","Agent"
"Aviation","Person","Cleric","Agent","Saint"
"Odin"
"Wall_Street_Crash_of_1929"
"Pocomoke_River_State_Park","ProtectedArea","Place","Location"
"Central_European_Free_Trade_Agreement__1"
"European_Economic_Area_Family_Permit","Book","WrittenWork","Work"
"Armand_von_Nordmann","Person","MilitaryPerson","Agent"
"Lou_Henry_Hoover","Person","OfficeHolder","Agent"
"Dilip_Tirkey","Person","Athlete","OfficeHolder","Agent"
"B._N._Sircar"
"Churchill_College,_Cambridge","Organisation","EducationalInstitution","College","University","Agent"
"The_Tale_of_Despereaux_(film)","Work","Film"
"The_Evening_Tribune_(Hornell)","Newspaper","PeriodicalLiterature","Work","WrittenWork"
"Lotus_Esprit_GT1","Organisation","Broadcaster","Agent"
"Less_Than_Jake","Band","Organisation","Group","Agent"
"Leopold_I,_Holy_Roman_Emperor","Person","Royalty","Agent"
"Calgary_Dinos","Organisation","SportsTeam","Agent"
"Noble_Snipe"
"Upland_Sandpiper"
"Pyotr_Kapitsa","Person","Scientist","Agent"
"New_College,_Oxford","Organisation","EducationalInstitution","College","University","Agent"
"Pteromerhanophobia"
"Evening_Times","Newspaper","PeriodicalLiterature","Work","WrittenWork"
"Wilfrid_Laurier_University","Organisation","EducationalInstitution","University","Agent"
"The_New_York_Post"
"Buddha_Loetla_Nabhalai"
"University_of_Calgary","Organisation","EducationalInstitution","University","Agent"
"The_PTA_Disbands","TelevisionEpisode","Work"
"Bar_(establishment)"
"Many_Moons","Book","WrittenWork","Work"
"Journal_Register_Company"
"Aaron_Klug","Person","Scientist","Agent"
"Harris_Manchester_College,_Oxford","Organisation","EducationalInstitution","College","University","Agent"
"New_Era_Party","Organisation","PoliticalParty","Agent"
"Secret_of_the_Andes","Book","WrittenWork","Work"
"The_Tin_Men","Book","WrittenWork","Work"
"The_Cat_Who_Went_to_Heaven","Book","WrittenWork","Work"
"Darwin_College,_Cambridge","Organisation","EducationalInstitution","College","University","Agent"
"Queens_Park_Rangers_F.C.","Organisation","SportsTeam","Agent","SoccerClub"
"Cantung_Mine","Person","Agent"
"Douglas_County_News_(Sutherlin)","Newspaper","PeriodicalLiterature","Work","WrittenWork"
"Magdalen_College,_Oxford","Organisation","EducationalInstitution","College","University","Agent"
"Kaohsiung_Incident"
"Imperial_Snipe"
"Nurse_midwife"
"Asiatic_Dowitcher"
"Palace_of_Beaulieu","Building","ArchitecturalStructure","Place"
"Louis_St-Laurent"
"Ruff","Eukaryote","Species","Animal","Bird"
"Julie_of_the_Wolves","Book","WrittenWork","Work"
"Wu_Bangguo","Person","OfficeHolder","Agent"
"Spirit_away"
"Hitty,_Her_First_Hundred_Years","Book","WrittenWork","Work"
"Bhalji_Pendharkar","Person","Agent"
"Kansas_City_Journal-Post","Newspaper","PeriodicalLiterature","Work","WrittenWork"
"List_of_prophecies_of_Joseph_Smith"
"High_Noon","Work","Film"
"One_Fine_Day_(film)","Work","Film"
"Lyndon_B._Johnson","Person","OfficeHolder","Agent"
"Sandhill_Crane"
"John_Logie_Baird","Person","Agent"
"I'm_with_You_(album)","Album","MusicalWork","Work"
"Big_Run_State_Park","ProtectedArea","Place","Location"
"The_Lion_in_Winter_(1968_film)","Work","Film"
"Brother_Bear","Person","Work","Film","Agent"
"Secret_of_the_Andes_(film)","Work","Film"
"Wolfgang_Amadeus_Mozart","Person","Agent"
"Martinak_State_Park","ProtectedArea","Place","Location"
"Samuel_Beckett","Person","Writer","Agent"
"The_Baltimore_Sun","Newspaper","PeriodicalLiterature","Work","WrittenWork"
"Frederick_Gowland_Hopkins","Person","Scientist","Agent"
"Amos_Fortune,_Free_Man","Book","WrittenWork","Work"
"Concordia_University_College_of_Alberta"
"Mehndi","Food"
"Captain_America","ComicsCharacter","Person","FictionalCharacter","Agent"
"Paul_Joseph_James_Martin","Person","OfficeHolder","Agent"
"Brock_Badgers","Organisation","SportsTeam","Agent"
"Susquehanna_State_Park_(Maryland)","ProtectedArea","Place","Location"
"Mechanical_engineering","Sport","Activity"
"Akkineni_Nageswara_Rao","Person","Agent"
"Corinium_Dobunnorum","PopulatedPlace","Settlement","Place"
"EFTA_Court","Organisation","Agent"
"The_Glorious_Flight:_Across_the_Channel_with_Louis_Bleriot"
"Kyle_Mills","Person","Athlete","Cricketer","Agent"
"The_Snowy_Day","Book","WrittenWork","Work"
"Augustana_University_College","Organisation","EducationalInstitution","University","Agent"
"Lakeland_College_(Wisconsin)","University","EducationalInstitution","Organisation","Agent"
"Peter_Cartwright_(revivalist)","Person","Agent"
"The_Many_Adventures_of_Winnie_the_Pooh","Person","Work","Film","Agent"
"American_Jewish_Press_Association","Organisation","Agent"
"Bertrand_Russell","Person","Philosopher","Agent"
"Mary_Poppins","Person","FictionalCharacter","Agent"
"Temminck"
"Red_Knot"
"Tangled","Person","Work","Film","Agent"
"One_Fine_Day_(song)","MusicalWork","Work","Single"
"Secrets_of_a_Successful_Marriage","TelevisionEpisode","Work"
"Donkey","Eukaryote","Agent","Person","Animal","Mammal","Species"
"Windows_Server_2003_Service_Pack_1"
"List_of_coalition_military_operations_of_the_Iraq_War"
"Bunty_Aur_Babli__Bunty_Aur_Babli__1","Album","MusicalWork","Work"
"List_of_K-1_events"
"Alice's_Adventures_in_Wonderland","Book","WrittenWork","Work"
"Presidency_of_Jimmy_Carter"
"The_Man_with_the_Golden_Gun_(film)","Work","Film"
"Br'er_Fox_and_Br'er_Bear","Person","FictionalCharacter","Agent"
"Lockport_Union-Sun_&_Journal","Newspaper","PeriodicalLiterature","Work","WrittenWork"
"Mary_Poppins_(film)","Work","Film"
"Tuckahoe_State_Park","ProtectedArea","Place","Location"
"Dark_Tide:_Ruin","Book","WrittenWork","Work"
"John_Strutt,_3rd_Baron_Rayleigh"
"USS_Surfbird_(AM-383)","MeanOfTransportation","Ship"
"Eldorado_Mine"
"Joshua_Malina__1","PersonFunction"
"The_Lord_Rutherford_of_Nelson"
"All_Souls_College,_Oxford","Organisation","EducationalInstitution","College","University","Agent"
"Elizabeth_II","Person","Royalty","Agent"
"Balance_Point","Book","WrittenWork","Work"
"Satyajit_Ray_Film_and_Television_Institute","Work","University","EducationalInstitution","Agent","Organisation","Film"
"Patapsco_Valley_State_Park","ProtectedArea","Place","Location"
"Jayaprakash_Narayan","Person","Agent"
"Richard_Adrian,_2nd_Baron_Adrian","Person","Agent"
"Song_of_the_Swallows","Book","WrittenWork","Work"
"Oriel_College,_Oxford","Organisation","EducationalInstitution","College","University","Agent"
"Parliament-Funkadelic","Band","Organisation","Group","Agent"
"College_basketball"
"Octopussy","Work","Film"
"Track_(rail_transport)","Building","ArchitecturalStructure","Place"
"Arrow_to_the_Sun","Film","Book","WrittenWork","Work"
"Andean_Snipe"
"NHK","BroadcastNetwork","Company","Broadcaster","Organisation","Agent"
"Minnesota_Twins","Organisation","BaseballTeam","SportsTeam","Agent"
"John_Pople","Person","Scientist","Agent"
"Mary_McCormack__1","PersonFunction"
"Somerville_College,_Oxford","Organisation","EducationalInstitution","College","University","Agent"
"From_the_Mixed-Up_Files_of_Mrs._Basil_E._Frankweiler","Book","WrittenWork","Work"
"True_Grit_(2010_film)","Work","Film"
"Fort_Frederick_State_Park","ProtectedArea","Place","Location"
"Stitch!_The_Movie","Work","Film"
"Nowy_Dziennik","Newspaper","PeriodicalLiterature","Work","WrittenWork"
"Democrat_and_Chronicle","Newspaper","PeriodicalLiterature","Work","WrittenWork"
"Lemon_of_Troy","TelevisionEpisode","Work"
"Game_over","Work","Software"
"Anthony_of_Padua","Person","Cleric","Saint","Agent"
"Daniel_Boone_(TV_series)"
"Economic_Community_of_West_African_States_Monitoring_Group","Organisation","Agent","MilitaryUnit"
"Burns'_Heir","TelevisionEpisode","Work"
"The_Westing_Game","Book","WrittenWork","Work"
"Wave_of_Long_Island"
"Der_Yid","Newspaper","PeriodicalLiterature","Work","WrittenWork"
"Gotham_Gazette","PeriodicalLiterature","Work","WrittenWork"
"Queens","City","Settlement","Place","Location","PopulatedPlace"
"Mary_McCormack","Person","Agent"
"Sam,_Bangs_and_Moonshine","Book","WrittenWork","Work"
"Officer_(armed_forces)","Person","Agent"
"Who_Framed_Roger_Rabbit","Person","Work","Film","Agent"
"Con_Mine","Device","Weapon"
"Subrahmanyan_Chandrasekhar","Person","Scientist","Agent"
"Doorstop"
"Press-Republican","Newspaper","PeriodicalLiterature","Work","WrittenWork"
"Toronto_Pearson_International_Airport","ArchitecturalStructure","Airport","Infrastructure","Place","Location"
"The_Big_Snow","Book","WrittenWork","Work"
"Sivaji_Ganesan","Person","Agent"
"Ashok_Kumar","Person","Agent"
"Wretch_32","Person","MusicalArtist","Agent","Artist"
"The_Fool_of_the_World_and_the_Flying_Ship","Work","Film","WrittenWork"
"Get_a_Clue_(1997_film)","Work","TelevisionShow","Film"
"Alexander_Mackenzie_(explorer)","Person","Agent"
"Tin_Men","Work","Film"
"Sir_Oliver_Mowat_Collegiate_Institute","School","EducationalInstitution","Organisation","Agent"
"Hum_Tum","Work","Film"
"Northern_Alberta_Institute_of_Technology","Organisation","EducationalInstitution","University","Agent"
"Prajadhipok","Person","Royalty","Agent"
"Cyborg"
"Harry_S_Truman"
"L.A._Confidential","Book","WrittenWork","Work"
"The_Spy_Who_Loved_Me_(film)","Work","Film"
"Windsor_Lancers","Organisation","SportsTeam","Agent"
"White-rumped_Sandpiper"
"Janel_Moloney","Person","Agent"
"Michael_Meighen","Person","OfficeHolder","Agent"
"Lyndon_B._Johnson_Space_Center","GovernmentAgency","Organisation","Agent"
"Abraham_Lincoln","Person","OfficeHolder","Agent"
"John_Turner","Person","OfficeHolder","Agent"
"Jesus","Person","Agent"
"Yash_Raj_Films","Company","Organisation","Agent"
"John_Joseph_Connolly","Person","Agent"
"Forward_(association_football)","Person","Agent"
"Homer_Badman","TelevisionEpisode","Work"
"Excalibur","Device","Weapon"
"Coast","Place"
"Secretary_of_State_for_Business,_Innovation_and_Skills","Person","Agent"
"Fiji_Times","Newspaper","PeriodicalLiterature","Work","WrittenWork"
"You_Only_Live_Twice_(film)","Work","Film"
"Mercosur","PoliticalParty","Country","Organisation","Agent","Place","Location","PopulatedPlace"
"Rapunzel","Book","WrittenWork","Work"
"Leopold_III,_Duke_of_Austria","Person","Agent","Noble"
"One_Thousand_and_One_Nights","Book","WrittenWork","Work"
"Trinity_College,_Toronto","Organisation","EducationalInstitution","University","Agent"
"Ginger_Pye","Book","WrittenWork","Work"
"ITV"
"Satyajit_Ray","Person","Agent"
"Miley_Jab_Hum_Tum","Work","TelevisionShow","Agent"
"The_Last_Temptation_of_Homer","TelevisionEpisode","Work"
"Kahin_Pyaar_Na_Ho_Jaaye_(2000_film)","Work","Film"
"Observer-Dispatch","Newspaper","PeriodicalLiterature","Work","WrittenWork"
"Bas_Itna_Sa_Khwaab_Hai","Work","Film"
"Frank_Serpico","Person","Agent"
"Raging_Bull","Work","Film"
"Mansfield_College,_Oxford","Organisation","EducationalInstitution","College","University","Agent"
"Finding_Nemo_Submarine_Voyage","ArchitecturalStructure","AmusementParkAttraction","Place","Location"
"Bart_Simpson","Person","FictionalCharacter","Agent"
"New_York_University","Organisation","EducationalInstitution","University","Agent"
"Bhumibol_Adulyadej","Person","Royalty","Agent"
"SAIT_Polytechnic","University","EducationalInstitution","Organisation","Agent"
"Association_of_Southeast_Asian_Nations","Country","Organisation","Agent","Place","Location","PopulatedPlace"
"Calleva_Atrebatum","MilitaryConflict","Event","SocietalEvent"
"Irish_Sea","NaturalPlace","BodyOfWater","Place","Location","Sea"
"The_Fool_of_the_World_and_the_Flying_Ship_(book)","Book","WrittenWork","Work"
"GoldenEye","Work","Film"
"Mujhse_Dosti_Karoge!__Mujhse_Dosti_Karoge__1","Album","MusicalWork","Work"
"L._V._Prasad","Person","Agent"
"Madeleine_Albright","Person","OfficeHolder","Agent"
"Western_Ontario_Mustangs","Organisation","SportsTeam","Agent"
"Another_Simpsons_Clip_Show","TelevisionEpisode","Work"
"Homer","Person","Agent"
"Joyful_Noise:_Poems_for_Two_Voices","Book","WrittenWork","Work"
"Wolfson_College,_Oxford","Organisation","EducationalInstitution","College","University","Agent"
"Solitary_Sandpiper"
"Trinity_College,_Cambridge","Organisation","EducationalInstitution","College","University","Agent"
"Forrest_Gump_(character)","Person","FictionalCharacter","Agent"
"Lawrence_Bragg"
"Bud_Black","Person","Athlete","BaseballPlayer","Agent"
"Pinocchio_and_the_Emperor_of_the_Night","Person","Work","Film","Agent"
"Rock_Sandpiper"
"Linda_Newton_(wrestling)"
"Golem","Person","FictionalCharacter","ChemicalSubstance","Agent","Drug"
"Jairaj_Phatak","Person","Agent"
"Aladdin","Work","WrittenWork"
"Southern_African_Development_Community","Country","Organisation","Agent","Place","Location","PopulatedPlace"
"Fun_House_(game_show)"
"The_Bronze_Bow","Book","WrittenWork","Work"
"Synesthesia","Disease"
"Niagara_Gazette","Newspaper","PeriodicalLiterature","Work","WrittenWork"
"Cape_Fear_(headland)","Place"
"University_of_Alberta","Organisation","EducationalInstitution","University","Agent"
"APEC_Australia_2007","Work","TelevisionShow"
"Officer_Buckle_and_Gloria","Book","WrittenWork","Work"
"Isca_Dumnoniorum","PopulatedPlace","Settlement","Place"
"Solitary_Snipe"
"Owen_Willans_Richardson","Person","Scientist","Agent"
"Hello_Brother_(1994_film)","Work","Film"
"Missing_May","Book","WrittenWork","Work"
"Nitin_Bose","Person","Agent"
"Curlew_Sandpiper"
"The_Post-Star","Newspaper","PeriodicalLiterature","Work","WrittenWork"
"Kanan_Devi","Person","Agent"
"Rajasulochana","Person","Agent"
"The_Black_Cauldron"
"Richard_I_of_England","Person","Royalty","Agent"
"Kanchanaburi","Town","PopulatedPlace","Settlement","Place","Location"
"The_Unifying_Force","Book","WrittenWork","Work"
"Fredericton","City","Settlement","Place","Location","PopulatedPlace"
"The_Boy_Who_Knew_Too_Much","TelevisionEpisode","Work"
"Warsaw,_Indiana","City","Settlement","Place","Location","PopulatedPlace"
"Seventeen_(magazine)"
"Emmanuel_College_(Massachusetts)","Organisation","EducationalInstitution","University","Agent"
"Newnham_College,_Cambridge","Organisation","EducationalInstitution","College","University","Agent"
"Riverdale_Review","Newspaper","PeriodicalLiterature","Work","WrittenWork"
"The_Journal_News","Newspaper","PeriodicalLiterature","Work","WrittenWork"
"Roller_skating"
"Eldorado_Mining_and_Refining"
"Irish_Voice","Newspaper","PeriodicalLiterature","Magazine","Work","WrittenWork"
"Herald_Young_Leader","Newspaper","PeriodicalLiterature","Work","WrittenWork"
"Kahin_Pyaar_Na_Ho_Jaaye_(2000_film)__Kahin_Pyar_Na_Ho_Jaye__1"
"Young_Fu_of_the_Upper_Yangtze","Book","WrittenWork","Work"
"Nottingham_Trent_University","Organisation","EducationalInstitution","University","Agent"
"Wall_Street","Infrastructure","ArchitecturalStructure","Place","Location","Road","RouteOfTransportation"
"Phir_Milenge_Chalte_Chalte","MusicalWork","Work","Single","Song"
"Sunlight","AnatomicalStructure"
"Dhirendra_Nath_Ganguly","Person","Award","Agent"
"Caddie_Woodlawn_(musical)","Book","WrittenWork","Work"
"Times-Herald_Record"
"The_Marriage_of_Figaro"
"Whimbrel","Eukaryote","Species","Animal","Bird"
"Alberta_College_of_Art_and_Design","Organisation","EducationalInstitution","University","Agent"
"Judgment_at_Nuremberg","Work","Film"
"George_Clinton_(musician)","Person","MusicalArtist","Agent","Artist"
"The_Rescuers","Person","Work","Film","Agent"
"The_Truman_Show_delusion"
"Star_Wars","Organisation","SportsTeam","Agent"
"Asia-Pacific_Economic_Cooperation","Organisation","Agent"
"Reversal_of_Fortune","Work","Film"
"Durga_Khote__1","PersonFunction"
"Windows_Nashville","Work","MilitaryConflict","Event","SocietalEvent","Software"
"Sarah,_Plain_and_Tall_(film)","Work","TelevisionShow","Film"
"The_Hamilton_Spectator","Newspaper","PeriodicalLiterature","Work","WrittenWork"
"Chanticleer_and_the_Fox_(book)","Book","WrittenWork","Work"
"Kanan_Devi__1","PersonFunction"
"College_of_the_Holy_Cross","University","School","EducationalInstitution","Organisation","Agent"
"Sound_recording_and_reproduction","Book","WrittenWork","Work"
"Naushad","Person","MusicalArtist","Agent","Artist"
"Billy_Bragg","Person","MusicalArtist","Agent","Artist"
"Docklands,_Victoria","PopulatedPlace","Settlement","Place","Location"
"Hugh_of_Lincoln","Person","Cleric","Saint","Agent"
"Viroconium_Cornoviorum","PopulatedPlace","Settlement","Place"
"College_Green","Building","ArchitecturalStructure","Place","ShoppingMall"
"The_Girl_Who_Loved_Wild_Horses","Book","WrittenWork","Work"
"Liberalisme_(anthology)","Book","WrittenWork","Work"
"Cyrano_de_Bergerac_(play)","Play","Work","WrittenWork"
"George_W._Bush","Person","Politician","Agent","President"
"Wadham_College,_Oxford","Organisation","EducationalInstitution","College","University","Agent"
"Johnny_Tremain","Book","WrittenWork","Work"
"Apprenticeship"
"Cape_Feare","TelevisionEpisode","Work"
"Spoon-billed_Sandpiper"
"Command-line_interface","Work","Software"
"Arthur_Meighen","Person","OfficeHolder","Agent"
"Green_Sandpiper"
"Wu_Guanzheng","Person","OfficeHolder","Agent"
"Victory_Through_Air_Power","Book","WrittenWork","Work"
"Bart_Gets_Famous","TelevisionEpisode","Work"
"Ecumenism"
"Bradley_Whitford__1","PersonFunction"
"Beaulieu_Mine","MilitaryConflict","Event","SocietalEvent"
"Outrageous_Betrayal","Book","WrittenWork","Work"
"Maniac_Magee","Book","WrittenWork","Work"
"Westminster_Abbey","ArchitecturalStructure","Building","HistoricBuilding","Place","Location"
"NAFTA_superhighway"
"John_the_Baptist","Person","Cleric","Saint","Agent"
"The_Aristocats","Person","Work","Film","Agent"
"Black_market","Place"
"Matchlock","Organisation","Agent"
"Long-billed_Curlew"
"ECW_(WWE)","Work","TelevisionShow"
"Fable","MusicGenre","Genre","TopicalConcept"
"Financial_Times","Newspaper","PeriodicalLiterature","Work","WrittenWork"
"Pinocchio","Person","FictionalCharacter","Agent"
"Kronos_Quartet_discography","MusicalWork","Work","ArtistDiscography"
"Luo_Gan","Person","OfficeHolder","Agent"
"Duffy_and_the_Devil","Book","WrittenWork","Work"
"Little_Stint"
"Paul_Martin","Person","Politician","Agent","PrimeMinister"
"The_Truman_Show","Work","Film"
"The_Lady_Is_a_Tramp","MusicalWork","Work","Song"
"Richard_William_Scott","Person","OfficeHolder","Agent"
"Knights_Hospitaller","Organisation","Agent","MilitaryUnit"
"Broad-billed_Sandpiper"
"Little_Saint_Hugh_of_Lincoln","Person","Cleric","Saint","Agent"
"Bristle-thighed_Curlew"
"The_Great_Mouse_Detective","Person","Work","Film","Agent"
"The_Post-Standard","Newspaper","PeriodicalLiterature","Work","WrittenWork"
"Anthony_the_Great","Person","Cleric","Saint","Agent"
"The_Three_Pigs","Book","WrittenWork","Work"
"Nuffield_College,_Oxford","Organisation","EducationalInstitution","College","University","Agent"
"Wilson_Bentley","Person","Agent"
"The_Sword_in_the_Stone_(film)","Person","Work","Film","Agent"
"List_of_Masters_of_Fitzwilliam_College,_Cambridge"
"Association_of_Vineyard_Churches","Organisation","Agent"
"Smoky_Night","Book","WrittenWork","Work"
"Toy_Story_2","Work","Film"
"Toy_Story_3","Person","Work","Film","Agent"
"Common_Redshank"
"Northern_Lakes_College","Organisation","EducationalInstitution","University","Agent"
"The_Polar_Express_(film)","Device","Work","Film","InformationAppliance"
"Elmer_Gantry_(film)","Work","Film"
"Albert_I_of_Belgium","Person","Royalty","Agent"
"Spotted_Sandpiper"
"Peter_Cartwright_(actor)","Person","Agent"
"Service_star","Work","Artwork"
"The_Slave_Dancer","Book","WrittenWork","Work"
"Neil_Armstrong","Person","Astronaut","Agent"
"William_Lawrence_Bragg","Person","Scientist","Agent"
"Jhelum","City","Settlement","Place","Location","PopulatedPlace"
"Henry_IV,_Part_1","Play","Work","WrittenWork"
"Catherine,_Duchess_of_Cambridge","Person","Royalty","Agent"
